key,species,link
2534085,Pholiota adiposa,https://www.artportalen.se/MediaLibrary/2014/5/28eb19ca-e4cd-4fcb-af57-689f3095ab26_image.jpg
2534085,Pholiota adiposa,https://www.artportalen.se/MediaLibrary/plants/2012/large/440972.jpg
2534085,Pholiota adiposa,https://www.artportalen.se/MediaLibrary/2016/10/844c8f74-3519-472c-a8a4-7f36e0c1619e_image.jpg
2534085,Pholiota adiposa,https://www.artportalen.se/MediaLibrary/2016/10/39d8bfac-b66e-4a59-b530-e019534d8b46_image.jpg
2534085,Pholiota adiposa,https://www.artportalen.se/MediaLibrary/plants/2012/large/435567.jpg
2534085,Pholiota adiposa,https://www.artportalen.se/MediaLibrary/plants/2011/large/345957.jpg
2534085,Pholiota adiposa,https://www.artportalen.se/MediaLibrary/plants/2011/large/345958.jpg
2534085,Pholiota adiposa,https://www.artportalen.se/MediaLibrary/2018/2/0a408525-4b74-446c-8a65-ba4c2c3ef20a_image.jpg
2534085,Pholiota adiposa,https://www.artportalen.se/MediaLibrary/2018/2/e0dedaf4-01d7-4ae1-becd-823b280a9b69_image.jpg
2534085,Pholiota adiposa,https://www.artportalen.se/MediaLibrary/2014/10/20d56c5d-7163-469d-8dcd-816c5c84f44a_image.jpg
2534085,Pholiota adiposa,https://www.artportalen.se/MediaLibrary/2014/10/15da10bd-7e67-4e64-91b8-f765ca2bd41d_image.jpg
2534085,Pholiota adiposa,https://www.artportalen.se/MediaLibrary/2014/10/65cddc43-97ec-4c65-818a-de2b768703c5_image.jpg
2534085,Pholiota adiposa,https://www.artportalen.se/MediaLibrary/plants/2009/large/176636.jpg
2534085,Pholiota adiposa,https://www.artportalen.se/MediaLibrary/plants/2009/large/170649.jpg
2534085,Pholiota adiposa,https://www.artportalen.se/MediaLibrary/plants/2009/large/169288.jpg
2534085,Pholiota adiposa,https://www.artportalen.se/MediaLibrary/plants/2009/large/169289.jpg
2534085,Pholiota adiposa,https://www.artportalen.se/MediaLibrary/plants/2008/large/98984.jpg
2534085,Pholiota adiposa,https://www.artportalen.se/MediaLibrary/plants/2008/large/98996.jpg
2534085,Pholiota adiposa,http://bar.utoronto.ca/ROM/TRTCFungarium/rom_data/157065pic1.jpg
2534085,Pholiota adiposa,http://bar.utoronto.ca/ROM/TRTCFungarium/rom_data/157065pic2.jpg
2534085,Pholiota adiposa,https://static.inaturalist.org/photos/50563160/original.jpg
2534085,Pholiota adiposa,https://static.inaturalist.org/photos/50563154/original.jpg
2534085,Pholiota adiposa,https://static.inaturalist.org/photos/50563153/original.jpg
2534085,Pholiota adiposa,https://observation.org/photos/60325839.jpg
2534085,Pholiota adiposa,https://observation.org/photos/60419333.jpg
2534085,Pholiota adiposa,https://observation.org/photos/60410044.jpg
2534085,Pholiota adiposa,https://observation.org/photos/60410045.jpg
2534085,Pholiota adiposa,https://observation.org/photos/61913842.jpg
2534085,Pholiota adiposa,https://observation.org/photos/60690170.jpg
2534085,Pholiota adiposa,https://observation.org/photos/61042142.jpg
2534085,Pholiota adiposa,https://observation.org/photos/61042141.jpg
2534085,Pholiota adiposa,https://observation.org/photos/60517531.jpg
2534085,Pholiota adiposa,https://observation.org/photos/59865428.jpg
2534085,Pholiota adiposa,https://observation.org/photos/60730682.jpg
2534085,Pholiota adiposa,https://observation.org/photos/60730680.jpg
2534085,Pholiota adiposa,https://observation.org/photos/60407137.jpg
2534085,Pholiota adiposa,https://observation.org/photos/60407136.jpg
2534085,Pholiota adiposa,https://observation.org/photos/61203309.jpg
2534085,Pholiota adiposa,https://observation.org/photos/60410945.jpg
2534085,Pholiota adiposa,https://observation.org/photos/60346257.jpg
2534085,Pholiota adiposa,https://observation.org/photos/61385499.jpg
2534085,Pholiota adiposa,https://observation.org/photos/61292484.jpg
2534085,Pholiota adiposa,https://observation.org/photos/60559896.jpg
2534085,Pholiota adiposa,https://observation.org/photos/59829146.jpg
2534085,Pholiota adiposa,https://observation.org/photos/59829144.jpg
2534085,Pholiota adiposa,https://observation.org/photos/59829145.jpg
2534085,Pholiota adiposa,https://observation.org/photos/60925678.jpg
2534085,Pholiota adiposa,https://observation.org/photos/60544464.jpg
2534085,Pholiota adiposa,https://observation.org/photos/60991422.jpg
2534085,Pholiota adiposa,https://observation.org/photos/60991424.jpg
2534085,Pholiota adiposa,https://observation.org/photos/60991423.jpg
2534085,Pholiota adiposa,https://observation.org/photos/60586720.jpg
2534085,Pholiota adiposa,https://observation.org/photos/61877994.jpg
2534085,Pholiota adiposa,https://observation.org/photos/60762893.jpg
2534085,Pholiota adiposa,https://observation.org/photos/60315955.jpg
2534085,Pholiota adiposa,https://observation.org/photos/60419334.jpg
2534085,Pholiota adiposa,https://observation.org/photos/60808082.jpg
2534085,Pholiota adiposa,https://observation.org/photos/60454841.jpg
2534085,Pholiota adiposa,https://observation.org/photos/60423957.jpg
2534085,Pholiota adiposa,https://observation.org/photos/59483200.jpg
2534085,Pholiota adiposa,https://observation.org/photos/59483201.jpg
2534085,Pholiota adiposa,https://observation.org/photos/60791878.jpg
2534085,Pholiota adiposa,https://observation.org/photos/60791879.jpg
2534085,Pholiota adiposa,https://observation.org/photos/60791862.jpg
2534085,Pholiota adiposa,https://observation.org/photos/60551096.jpg
2534085,Pholiota adiposa,https://observation.org/photos/60551095.jpg
2534085,Pholiota adiposa,https://observation.org/photos/60925730.jpg
2534085,Pholiota adiposa,https://observation.org/photos/60790545.jpg
2534085,Pholiota adiposa,https://observation.org/photos/60790544.jpg
2534085,Pholiota adiposa,https://observation.org/photos/60790543.jpg
2534085,Pholiota adiposa,https://observation.org/photos/59916887.jpg
2534085,Pholiota adiposa,https://observation.org/photos/62167424.jpg
2534085,Pholiota adiposa,https://observation.org/photos/62167423.jpg
2534085,Pholiota adiposa,https://observation.org/photos/60369657.jpg
2534085,Pholiota adiposa,https://observation.org/photos/60752644.jpg
2534085,Pholiota adiposa,https://observation.org/photos/60502830.jpg
2534085,Pholiota adiposa,https://observation.org/photos/59989900.jpg
2534085,Pholiota adiposa,https://observation.org/photos/61005805.jpg
2534085,Pholiota adiposa,https://observation.org/photos/60568584.jpg
2534085,Pholiota adiposa,https://observation.org/photos/60568583.jpg
2534085,Pholiota adiposa,https://observation.org/photos/60784372.jpg
2534085,Pholiota adiposa,https://observation.org/photos/60784373.jpg
2534085,Pholiota adiposa,https://observation.org/photos/60784371.jpg
2534085,Pholiota adiposa,https://observation.org/photos/60711124.jpg
2534085,Pholiota adiposa,https://observation.org/photos/60711125.jpg
2534085,Pholiota adiposa,https://observation.org/photos/60711123.jpg
2534085,Pholiota adiposa,https://observation.org/photos/60449120.jpg
2534085,Pholiota adiposa,https://observation.org/photos/60449121.jpg
2534085,Pholiota adiposa,https://observation.org/photos/60359652.jpg
2534085,Pholiota adiposa,https://observation.org/photos/60561209.jpg
2534085,Pholiota adiposa,https://observation.org/photos/60560183.jpg
2534085,Pholiota adiposa,https://observation.org/photos/60306826.jpg
2534085,Pholiota adiposa,https://observation.org/photos/60415268.jpg
2534085,Pholiota adiposa,https://observation.org/photos/59585440.jpg
2534085,Pholiota adiposa,https://observation.org/photos/60504510.jpg
2534085,Pholiota adiposa,https://observation.org/photos/60504511.jpg
2534085,Pholiota adiposa,https://observation.org/photos/60408037.jpg
2534085,Pholiota adiposa,https://observation.org/photos/60350150.jpg
2534085,Pholiota adiposa,https://observation.org/photos/60350151.jpg
2534085,Pholiota adiposa,https://observation.org/photos/59816406.jpg
2534085,Pholiota adiposa,https://observation.org/photos/59816407.jpg
2534085,Pholiota adiposa,https://observation.org/photos/61212743.jpg
2534085,Pholiota adiposa,https://observation.org/photos/61212742.jpg
2534085,Pholiota adiposa,https://observation.org/photos/60361904.jpg
2534085,Pholiota adiposa,https://observation.org/photos/60359874.jpg
2534085,Pholiota adiposa,https://observation.org/photos/60359873.jpg
2534085,Pholiota adiposa,https://observation.org/photos/60359872.jpg
2534085,Pholiota adiposa,https://observation.org/photos/60319164.jpg
2534085,Pholiota adiposa,https://observation.org/photos/60405924.jpg
2534085,Pholiota adiposa,https://observation.org/photos/60328160.jpg
2534085,Pholiota adiposa,https://observation.org/photos/60960959.jpg
2534085,Pholiota adiposa,https://observation.org/photos/60404559.jpg
2534085,Pholiota adiposa,https://observation.org/photos/60537678.jpg
2534085,Pholiota adiposa,https://observation.org/photos/60537677.jpg
2534085,Pholiota adiposa,https://observation.org/photos/60537676.jpg
2534085,Pholiota adiposa,https://observation.org/photos/60408321.jpg
2534085,Pholiota adiposa,https://observation.org/photos/60408322.jpg
2534085,Pholiota adiposa,https://observation.org/photos/59781964.jpg
2534085,Pholiota adiposa,https://observation.org/photos/60334999.jpg
2534085,Pholiota adiposa,https://observation.org/photos/60334998.jpg
2534085,Pholiota adiposa,https://observation.org/photos/60335000.jpg
2534085,Pholiota adiposa,https://observation.org/photos/60359880.jpg
2534085,Pholiota adiposa,https://observation.org/photos/60992716.jpg
2534085,Pholiota adiposa,https://observation.org/photos/60541476.jpg
2534085,Pholiota adiposa,https://observation.org/photos/60497666.jpg
2534085,Pholiota adiposa,https://observation.org/photos/60329547.jpg
2534085,Pholiota adiposa,https://observation.org/photos/60762834.jpg
2534085,Pholiota adiposa,https://observation.org/photos/60361221.jpg
2534085,Pholiota adiposa,https://observation.org/photos/60361223.jpg
2534085,Pholiota adiposa,https://observation.org/photos/60361222.jpg
2534085,Pholiota adiposa,https://observation.org/photos/60916275.jpg
2534085,Pholiota adiposa,https://observation.org/photos/60542858.jpg
2534085,Pholiota adiposa,https://observation.org/photos/60440283.jpg
2534085,Pholiota adiposa,https://observation.org/photos/60440284.jpg
2534085,Pholiota adiposa,https://observation.org/photos/60542360.jpg
2534085,Pholiota adiposa,https://observation.org/photos/61387145.jpg
2534085,Pholiota adiposa,https://observation.org/photos/61387144.jpg
2534085,Pholiota adiposa,https://observation.org/photos/61387146.jpg
2534085,Pholiota adiposa,https://observation.org/photos/60589371.jpg
2534085,Pholiota adiposa,https://observation.org/photos/60425608.jpg
2534085,Pholiota adiposa,https://observation.org/photos/61001094.jpg
2534085,Pholiota adiposa,https://observation.org/photos/61018157.jpg
2534085,Pholiota adiposa,https://observation.org/photos/61808561.jpg
2534085,Pholiota adiposa,https://observation.org/photos/60328962.jpg
2534085,Pholiota adiposa,https://observation.org/photos/60524313.jpg
2534085,Pholiota adiposa,https://observation.org/photos/61167114.jpg
2534085,Pholiota adiposa,https://observation.org/photos/60730705.jpg
2534085,Pholiota adiposa,https://observation.org/photos/60730340.jpg
2534085,Pholiota adiposa,https://observation.org/photos/59886036.jpg
2534085,Pholiota adiposa,https://observation.org/photos/60532277.jpg
2534085,Pholiota adiposa,https://observation.org/photos/60532278.jpg
2534085,Pholiota adiposa,https://observation.org/photos/61257284.jpg
2534085,Pholiota adiposa,https://observation.org/photos/61124979.jpg
2534085,Pholiota adiposa,https://observation.org/photos/60306822.jpg
2534085,Pholiota adiposa,https://observation.org/photos/60345612.jpg
2534085,Pholiota adiposa,https://observation.org/photos/60417532.jpg
2534085,Pholiota adiposa,https://observation.org/photos/60325800.jpg
2534085,Pholiota adiposa,https://observation.org/photos/60566133.jpg
2534085,Pholiota adiposa,https://observation.org/photos/59782092.jpg
2534085,Pholiota adiposa,https://observation.org/photos/60432274.jpg
2534085,Pholiota adiposa,https://observation.org/photos/60428650.jpg
2534085,Pholiota adiposa,https://observation.org/photos/60324661.jpg
2534085,Pholiota adiposa,https://observation.org/photos/60324660.jpg
2534085,Pholiota adiposa,https://observation.org/photos/61257299.jpg
2534085,Pholiota adiposa,https://observation.org/photos/61953430.jpg
2534085,Pholiota adiposa,https://observation.org/photos/61931263.jpg
2534085,Pholiota adiposa,https://observation.org/photos/61953431.jpg
2534085,Pholiota adiposa,https://observation.org/photos/61953428.jpg
2534085,Pholiota adiposa,https://observation.org/photos/61953429.jpg
2534085,Pholiota adiposa,https://observation.org/photos/61953427.jpg
2534085,Pholiota adiposa,https://observation.org/photos/59946565.jpg
2534085,Pholiota adiposa,https://observation.org/photos/60435449.jpg
2534085,Pholiota adiposa,https://observation.org/photos/59481286.jpg
2534085,Pholiota adiposa,https://observation.org/photos/60340747.jpg
2534085,Pholiota adiposa,https://observation.org/photos/59456525.jpg
2534085,Pholiota adiposa,https://observation.org/photos/60731454.jpg
2534085,Pholiota adiposa,https://observation.org/photos/60731453.jpg
2534085,Pholiota adiposa,https://observation.org/photos/60731452.jpg
2534085,Pholiota adiposa,https://observation.org/photos/60731450.jpg
2534085,Pholiota adiposa,https://observation.org/photos/60406904.jpg
2534085,Pholiota adiposa,https://observation.org/photos/60374197.jpg
2534085,Pholiota adiposa,https://observation.org/photos/59601989.jpg
2534085,Pholiota adiposa,https://observation.org/photos/59601991.jpg
2534085,Pholiota adiposa,https://observation.org/photos/60499651.jpg
2534085,Pholiota adiposa,https://observation.org/photos/60499652.jpg
2534085,Pholiota adiposa,https://observation.org/photos/60499653.jpg
2534085,Pholiota adiposa,https://observation.org/photos/60350125.jpg
2534085,Pholiota adiposa,https://observation.org/photos/60350126.jpg
2534085,Pholiota adiposa,https://observation.org/photos/60333466.jpg
2534085,Pholiota adiposa,https://observation.org/photos/60409090.jpg
2534085,Pholiota adiposa,https://observation.org/photos/60409091.jpg
2534085,Pholiota adiposa,https://observation.org/photos/60516500.jpg
2534085,Pholiota adiposa,https://observation.org/photos/60516499.jpg
2534085,Pholiota adiposa,https://observation.org/photos/60317728.jpg
2534085,Pholiota adiposa,https://observation.org/photos/61045600.jpg
2534085,Pholiota adiposa,https://observation.org/photos/60311314.jpg
2534085,Pholiota adiposa,https://observation.org/photos/61223652.jpg
2534085,Pholiota adiposa,https://observation.org/photos/61223651.jpg
2534085,Pholiota adiposa,https://observation.org/photos/60404073.jpg
2534085,Pholiota adiposa,https://observation.org/photos/61104603.jpg
2534085,Pholiota adiposa,https://observation.org/photos/60436741.jpg
2534085,Pholiota adiposa,https://observation.org/photos/60448372.jpg
2534085,Pholiota adiposa,https://observation.org/photos/60448374.jpg
2534085,Pholiota adiposa,https://observation.org/photos/60501429.jpg
2534085,Pholiota adiposa,https://observation.org/photos/60501430.jpg
2534085,Pholiota adiposa,https://observation.org/photos/60501431.jpg
2534085,Pholiota adiposa,https://observation.org/photos/59202996.jpg
2534085,Pholiota adiposa,https://observation.org/photos/60317553.jpg
2534085,Pholiota adiposa,https://observation.org/photos/61003876.jpg
2534085,Pholiota adiposa,https://observation.org/photos/61003875.jpg
2534085,Pholiota adiposa,https://observation.org/photos/61003877.jpg
2534085,Pholiota adiposa,https://observation.org/photos/60439070.jpg
2534085,Pholiota adiposa,https://observation.org/photos/60439071.jpg
2534085,Pholiota adiposa,https://observation.org/photos/60311318.jpg
2534085,Pholiota adiposa,https://observation.org/photos/60744940.jpg
2534085,Pholiota adiposa,https://observation.org/photos/60744941.jpg
2534085,Pholiota adiposa,https://observation.org/photos/60320251.jpg
2534085,Pholiota adiposa,https://observation.org/photos/60775716.jpg
2534085,Pholiota adiposa,https://observation.org/photos/60775717.jpg
2534085,Pholiota adiposa,https://observation.org/photos/59669610.jpg
2534085,Pholiota adiposa,https://inaturalist-open-data.s3.amazonaws.com/photos/57016728/original.jpeg
2534085,Pholiota adiposa,https://inaturalist-open-data.s3.amazonaws.com/photos/57016719/original.jpeg
2534085,Pholiota adiposa,https://files.plutof.ut.ee/public/large/87/C1/87C11AFDA71937A1971052D2FBA665F2BB4068BEC1D4A8393D23C42C69FCBF0F.jpg
2534085,Pholiota adiposa,https://files.plutof.ut.ee/public/large/92/D6/92D6948B873586C374308D0871430E2CB910E29433F41933ADE851234BAB6439.jpg
2534085,Pholiota adiposa,https://www.artportalen.se/MediaLibrary/2023/2/0a231af5-3375-432c-8cc5-3efcc96eff6b_image.jpg
2534085,Pholiota adiposa,https://inaturalist-open-data.s3.amazonaws.com/photos/235613136/original.jpg
2534085,Pholiota adiposa,https://inaturalist-open-data.s3.amazonaws.com/photos/235613074/original.jpg
2534085,Pholiota adiposa,https://inaturalist-open-data.s3.amazonaws.com/photos/235613169/original.jpg
2534085,Pholiota adiposa,https://inaturalist-open-data.s3.amazonaws.com/photos/238073805/original.jpeg
2534085,Pholiota adiposa,https://inaturalist-open-data.s3.amazonaws.com/photos/238903191/original.jpeg
2534085,Pholiota adiposa,https://inaturalist-open-data.s3.amazonaws.com/photos/243861312/original.jpg
2534085,Pholiota adiposa,https://inaturalist-open-data.s3.amazonaws.com/photos/243861336/original.jpg
2534085,Pholiota adiposa,https://inaturalist-open-data.s3.amazonaws.com/photos/243861320/original.jpg
2534085,Pholiota adiposa,https://inaturalist-open-data.s3.amazonaws.com/photos/250540361/original.jpg
2534085,Pholiota adiposa,https://inaturalist-open-data.s3.amazonaws.com/photos/250540368/original.jpg
2534085,Pholiota adiposa,https://observation.org/photos/60692797.jpg
2534085,Pholiota adiposa,https://observation.org/photos/60694396.jpg
2534085,Pholiota adiposa,https://observation.org/photos/60692798.jpg
2534085,Pholiota adiposa,https://observation.org/photos/59616076.jpg
2534085,Pholiota adiposa,https://observation.org/photos/60288215.jpg
2534085,Pholiota adiposa,https://observation.org/photos/60288213.jpg
2534085,Pholiota adiposa,https://observation.org/photos/60288214.jpg
2534085,Pholiota adiposa,https://observation.org/photos/59685047.jpg
2534085,Pholiota adiposa,https://observation.org/photos/59685046.jpg
2534085,Pholiota adiposa,https://observation.org/photos/59250117.jpg
2534085,Pholiota adiposa,https://observation.org/photos/59245240.jpg
2534085,Pholiota adiposa,https://observation.org/photos/19112933.jpg
2534085,Pholiota adiposa,https://observation.org/photos/19112924.jpg
2534085,Pholiota adiposa,https://observation.org/photos/60198954.jpg
2534085,Pholiota adiposa,https://observation.org/photos/60198953.jpg
2534085,Pholiota adiposa,https://observation.org/photos/59921596.jpg
2534085,Pholiota adiposa,https://observation.org/photos/59921597.jpg
2534085,Pholiota adiposa,https://observation.org/photos/59921595.jpg
2534085,Pholiota adiposa,https://observation.org/photos/59755742.jpg
2534085,Pholiota adiposa,https://observation.org/photos/60102032.jpg
2534085,Pholiota adiposa,https://observation.org/photos/60102031.jpg
2534085,Pholiota adiposa,https://observation.org/photos/60102030.jpg
2534085,Pholiota adiposa,https://observation.org/photos/60799435.jpg
2534085,Pholiota adiposa,https://observation.org/photos/60799436.jpg
2534085,Pholiota adiposa,https://observation.org/photos/60554824.jpg
2534085,Pholiota adiposa,https://observation.org/photos/60554823.jpg
2534085,Pholiota adiposa,https://observation.org/photos/60250056.jpg
2534085,Pholiota adiposa,https://observation.org/photos/60481699.jpg
2534085,Pholiota adiposa,https://observation.org/photos/59888100.jpg
2534085,Pholiota adiposa,https://observation.org/photos/59888101.jpg
2534085,Pholiota adiposa,https://observation.org/photos/59268974.jpg
2534085,Pholiota adiposa,https://observation.org/photos/59268975.jpg
2534085,Pholiota adiposa,https://observation.org/photos/59917301.jpg
2534085,Pholiota adiposa,https://observation.org/photos/59917302.jpg
2534085,Pholiota adiposa,https://observation.org/photos/59917300.jpg
2534085,Pholiota adiposa,https://observation.org/photos/59528264.jpg
2534085,Pholiota adiposa,https://observation.org/photos/59528265.jpg
2534085,Pholiota adiposa,https://observation.org/photos/59528262.jpg
2534085,Pholiota adiposa,https://observation.org/photos/59913296.jpg
2534085,Pholiota adiposa,https://observation.org/photos/60207855.jpg
2534085,Pholiota adiposa,https://observation.org/photos/60207856.jpg
2534085,Pholiota adiposa,https://observation.org/photos/60207857.jpg
2534085,Pholiota adiposa,https://observation.org/photos/59753164.jpg
2534085,Pholiota adiposa,https://observation.org/photos/59753166.jpg
2534085,Pholiota adiposa,https://observation.org/photos/59753165.jpg
2534085,Pholiota adiposa,https://observation.org/photos/59511112.jpg
2534085,Pholiota adiposa,https://observation.org/photos/59224889.jpg
2534085,Pholiota adiposa,https://observation.org/photos/57820736.jpg
2534085,Pholiota adiposa,https://observation.org/photos/60207810.jpg
2534085,Pholiota adiposa,https://observation.org/photos/60207811.jpg
2534085,Pholiota adiposa,https://observation.org/photos/60207812.jpg
2534085,Pholiota adiposa,https://observation.org/photos/60207813.jpg
2534085,Pholiota adiposa,https://observation.org/photos/60670575.jpg
2534085,Pholiota adiposa,https://observation.org/photos/60288994.jpg
2534085,Pholiota adiposa,https://observation.org/photos/60288995.jpg
2534085,Pholiota adiposa,https://observation.org/photos/60549537.jpg
2534085,Pholiota adiposa,https://observation.org/photos/60549538.jpg
2534085,Pholiota adiposa,https://observation.org/photos/60286854.jpg
2534085,Pholiota adiposa,https://observation.org/photos/60600811.jpg
2534085,Pholiota adiposa,https://observation.org/photos/60600810.jpg
2534085,Pholiota adiposa,https://observation.org/photos/60600809.jpg
2534085,Pholiota adiposa,https://observation.org/photos/60600812.jpg
2534085,Pholiota adiposa,https://observation.org/photos/59929058.jpg
2534085,Pholiota adiposa,https://observation.org/photos/59929060.jpg
2534085,Pholiota adiposa,https://observation.org/photos/59929061.jpg
2534085,Pholiota adiposa,https://observation.org/photos/59929059.jpg
2534085,Pholiota adiposa,https://observation.org/photos/60611323.jpg
2534085,Pholiota adiposa,https://observation.org/photos/60611324.jpg
2534085,Pholiota adiposa,https://observation.org/photos/60617962.jpg
2534085,Pholiota adiposa,https://observation.org/photos/60617961.jpg
2534085,Pholiota adiposa,https://observation.org/photos/60240772.jpg
2534085,Pholiota adiposa,https://observation.org/photos/60240773.jpg
2534085,Pholiota adiposa,https://observation.org/photos/60240771.jpg
2534085,Pholiota adiposa,https://observation.org/photos/60600968.jpg
2534085,Pholiota adiposa,https://observation.org/photos/60600967.jpg
2534085,Pholiota adiposa,https://observation.org/photos/60351045.jpg
2534085,Pholiota adiposa,https://observation.org/photos/60351044.jpg
2534085,Pholiota adiposa,https://observation.org/photos/60351043.jpg
2534085,Pholiota adiposa,https://observation.org/photos/60241859.jpg
2534085,Pholiota adiposa,https://observation.org/photos/60241858.jpg
2534085,Pholiota adiposa,https://observation.org/photos/59907589.jpg
2534085,Pholiota adiposa,https://observation.org/photos/59907590.jpg
2534085,Pholiota adiposa,https://observation.org/photos/59907591.jpg
2534085,Pholiota adiposa,https://observation.org/photos/59907588.jpg
2534085,Pholiota adiposa,https://observation.org/photos/60101971.jpg
2534085,Pholiota adiposa,https://observation.org/photos/60101970.jpg
2534085,Pholiota adiposa,https://observation.org/photos/60101969.jpg
2534085,Pholiota adiposa,https://observation.org/photos/60101968.jpg
2534085,Pholiota adiposa,https://observation.org/photos/46853198.jpg
2534085,Pholiota adiposa,https://observation.org/photos/59633147.jpg
2534085,Pholiota adiposa,https://inaturalist-open-data.s3.amazonaws.com/photos/247208518/original.jpg
2534085,Pholiota adiposa,https://www.artportalen.se/MediaLibrary/2022/11/7a10e144-e557-43f3-b86a-98080f005c50_image.jpg
2534085,Pholiota adiposa,https://www.artportalen.se/MediaLibrary/2022/11/cdf93613-1f04-4ed4-ad35-e8ecf00c8a1b_image.jpg
2534085,Pholiota adiposa,https://www.artportalen.se/MediaLibrary/2022/10/2384c96f-2bed-4e69-bfba-3d751a8b9a33_image.jpg
2534085,Pholiota adiposa,https://www.artportalen.se/MediaLibrary/2022/11/9cd65ab4-00c2-4303-a6c2-351880a99971_image.jpg
2534085,Pholiota adiposa,https://www.artportalen.se/MediaLibrary/2022/11/d6041bd8-ae30-42e7-87be-268947b49cf3_image.jpg
2534085,Pholiota adiposa,https://www.artportalen.se/MediaLibrary/2022/11/f7829a9b-ab8a-4757-9cb6-d6d4beaab822_image.jpg
2534085,Pholiota adiposa,https://www.artportalen.se/MediaLibrary/2022/11/1ca6de26-73bf-4492-88ab-ba907e4d52b9_image.jpg
2534085,Pholiota adiposa,https://www.artportalen.se/MediaLibrary/2022/11/6b6c4176-ee45-456e-81ba-0d2b9c9f3bbf_image.jpg
2534085,Pholiota adiposa,https://www.artportalen.se/MediaLibrary/2022/10/1ffbba9b-eb0c-4c9c-9d58-8632687fbe5b_image.jpg
2534085,Pholiota adiposa,https://www.artportalen.se/MediaLibrary/2022/10/6247fb80-3062-43f7-89f9-430dfe73c0fa_image.jpg
2534085,Pholiota adiposa,https://www.artportalen.se/MediaLibrary/2022/10/86126040-e094-4a01-aa5b-7ec5166dfd99_image.jpg
2534085,Pholiota adiposa,https://www.artportalen.se/MediaLibrary/2022/10/42f353cd-b79d-4343-8dc3-10f8178f0cc8_image.jpg
2534085,Pholiota adiposa,https://www.artportalen.se/MediaLibrary/2022/10/3998d1b2-7d7e-4acc-87cd-8e551a214ce6_image.jpg
2534085,Pholiota adiposa,https://www.artportalen.se/MediaLibrary/2022/10/c138cafc-0b3f-4d3c-a1eb-4d059d572f3d_image.jpg
2534085,Pholiota adiposa,https://www.artportalen.se/MediaLibrary/2022/10/07d8293f-1da9-4ba7-9ad2-d2abe331a1f0_image.jpg
2534085,Pholiota adiposa,https://www.artportalen.se/MediaLibrary/2022/10/a654be85-2c0f-41d4-ae30-888a188ff418_image.jpg
2534085,Pholiota adiposa,https://www.artportalen.se/MediaLibrary/2022/10/b405b9f8-353d-4388-839a-6d611b16800f_image.jpg
2534085,Pholiota adiposa,https://www.artportalen.se/MediaLibrary/2022/10/79a69dac-e3c5-4a93-a5ed-19953ae64f26_image.jpg
2534085,Pholiota adiposa,https://www.artportalen.se/MediaLibrary/2022/10/05f4b383-c594-45d1-b1c1-51d9de1301ff_image.jpg
2534085,Pholiota adiposa,https://www.artportalen.se/MediaLibrary/2022/10/8e92357e-b64c-4ebc-a0e0-940889676c5e_image.jpg
2534085,Pholiota adiposa,https://www.artportalen.se/MediaLibrary/2022/10/e4e97b73-240c-4a39-9fe2-fe83083e0015_image.jpg
2534085,Pholiota adiposa,https://www.artportalen.se/MediaLibrary/2022/10/e1b8a4a2-4792-4ca5-88a2-4bc26ec0562c_image.jpg
2534085,Pholiota adiposa,https://www.artportalen.se/MediaLibrary/2022/10/76912e23-1a49-473f-93b1-10bf2f888721_image.jpg
2534085,Pholiota adiposa,https://www.artportalen.se/MediaLibrary/2022/10/49571a5c-60b5-411a-a4b9-cfff6901de11_image.jpg
2534085,Pholiota adiposa,https://www.artportalen.se/MediaLibrary/2022/10/0ed730c2-63b7-477b-b49b-0045492faffc_image.jpg
2534085,Pholiota adiposa,https://www.artportalen.se/MediaLibrary/2022/10/b50a19e8-350e-4a47-9a1e-c07e39b4c6e2_image.jpg
2534085,Pholiota adiposa,https://www.artportalen.se/MediaLibrary/2022/10/71808e5c-6c67-4926-9aae-38d2bcc0feb1_image.jpg
2534085,Pholiota adiposa,https://www.artportalen.se/MediaLibrary/2022/10/752b3e88-2f0c-4d26-9dfe-182fe9adcbc1_image.jpg
2534085,Pholiota adiposa,https://inaturalist-open-data.s3.amazonaws.com/photos/244683928/original.jpeg
2534085,Pholiota adiposa,https://inaturalist-open-data.s3.amazonaws.com/photos/244683895/original.jpeg
2534085,Pholiota adiposa,https://inaturalist-open-data.s3.amazonaws.com/photos/244683914/original.jpeg
2534085,Pholiota adiposa,https://www.artportalen.se/MediaLibrary/2022/10/0a0237f9-bc15-46e7-8d72-dce76e4a494e_image.jpg
2534085,Pholiota adiposa,https://www.artportalen.se/MediaLibrary/2022/10/ef92efb8-1695-4340-af33-26ecf9368d4d_image.jpg
2534085,Pholiota adiposa,https://www.artportalen.se/MediaLibrary/2022/10/4fa4c61d-cf3d-4c6a-bf7a-cdb8f0ae0578_image.jpg
2534085,Pholiota adiposa,https://www.artportalen.se/MediaLibrary/2022/10/ea158679-5d4a-42f2-808d-e87276f1b791_image.jpg
2534085,Pholiota adiposa,https://www.artportalen.se/MediaLibrary/2022/10/043b5415-221f-47d2-ac72-04a607a298a0_image.jpg
2534085,Pholiota adiposa,https://www.artportalen.se/MediaLibrary/2022/10/fc8c6176-aaa7-484c-bfc1-0caac93889e4_image.jpg
2534085,Pholiota adiposa,https://www.artportalen.se/MediaLibrary/2022/10/117422bd-cfec-48f8-8005-8b93131f6640_image.jpg
2534085,Pholiota adiposa,https://www.artportalen.se/MediaLibrary/2022/10/feeedf81-5ed7-4c6f-91f3-33937e063ee3_image.jpg
2534085,Pholiota adiposa,https://www.artportalen.se/MediaLibrary/2022/10/39f05db6-060b-4504-8af1-02c8ab1ca8bc_image.jpg
2534085,Pholiota adiposa,https://www.artportalen.se/MediaLibrary/2022/10/49bb8e3a-9e8b-46e5-a73a-f9e6683e5d76_image.jpg
2534085,Pholiota adiposa,https://www.artportalen.se/MediaLibrary/2022/10/fd2a1ef6-ae12-472c-a8e3-9ff0500e80e2_image.jpg
2534085,Pholiota adiposa,https://www.artportalen.se/MediaLibrary/2022/10/469ff312-a80a-4343-9019-24450c0bc285_image.jpg
2534085,Pholiota adiposa,https://www.artportalen.se/MediaLibrary/2022/10/9e6afe2a-a1fb-48b1-bebb-0ddf31699de1_image.jpg
2534085,Pholiota adiposa,https://www.artportalen.se/MediaLibrary/2022/10/89ee426f-48ae-4b28-949b-a5bd869e75cb_image.jpg
2534085,Pholiota adiposa,https://www.artportalen.se/MediaLibrary/2022/10/c1392166-c0ee-4cdc-88af-fa5596a29ffc_image.jpg
2534085,Pholiota adiposa,https://www.artportalen.se/MediaLibrary/2022/10/da2e258b-e911-49c2-a117-d5eec9042ddc_image.jpg
2534085,Pholiota adiposa,https://www.artportalen.se/MediaLibrary/2022/10/beff0170-2077-40b7-9ec9-73af3b6288ad_image.jpg
2534085,Pholiota adiposa,https://www.artportalen.se/MediaLibrary/2022/10/04ee1ef1-0f37-4278-a222-ad526a2a6053_image.jpg
2534085,Pholiota adiposa,https://www.artportalen.se/MediaLibrary/2022/10/5c9f6acb-b6c1-4f3d-9589-26a9e34a5891_image.jpg
2534085,Pholiota adiposa,https://www.artportalen.se/MediaLibrary/2022/10/bf50f1a8-936b-4b93-a786-4d2f9cc9dde8_image.jpg
2534085,Pholiota adiposa,https://www.artportalen.se/MediaLibrary/2022/10/ebf076f3-0726-47f6-950b-4acaa676df04_image.jpg
2534085,Pholiota adiposa,https://www.artsobservasjoner.no/MediaLibrary/2022/11/74d5553f-94c4-4551-b3d8-234793ab2558_image.jpg
2534085,Pholiota adiposa,https://www.artsobservasjoner.no/MediaLibrary/2022/11/ac81a410-f8d6-4cc5-97c9-594ec24a0694_image.jpg
2534085,Pholiota adiposa,https://inaturalist-open-data.s3.amazonaws.com/photos/106770597/original.jpeg
2534085,Pholiota adiposa,https://inaturalist-open-data.s3.amazonaws.com/photos/237351696/original.jpg
2534085,Pholiota adiposa,https://inaturalist-open-data.s3.amazonaws.com/photos/237352076/original.jpg
2534085,Pholiota adiposa,https://inaturalist-open-data.s3.amazonaws.com/photos/106768138/original.jpeg
2534085,Pholiota adiposa,https://mycoportal.org/vpi/mycology/VPI-F-0003/VPI-F-0003331_C1_lg.jpg
2534085,Pholiota adiposa,https://mycoportal.org/vpi/mycology/VPI-F-0003/VPI-F-0003331_C2_lg.jpg
2534085,Pholiota adiposa,https://mycoportal.org/vpi/mycology/VPI-F-0003/VPI-F-0003331_S1_lg.jpg
2534085,Pholiota adiposa,https://mycoportal.org/vpi/mycology/VPI-F-0003/VPI-F-0003326_S1_lg.jpg
2534085,Pholiota adiposa,https://mycoportal.org/msc/mycology/MSC0258/MSC0258411_lg.jpg
2534085,Pholiota adiposa,https://mycoportal.org/msc/mycology/MSC0258/MSC0258387_1_lg.jpg
2534085,Pholiota adiposa,https://mycoportal.org/msc/mycology/MSC0258/MSC0258387_lg.jpg
2534085,Pholiota adiposa,https://www.artportalen.se/MediaLibrary/2022/5/3f993826-6301-46e0-adfe-9ee09d39680d_image.jpg
2534085,Pholiota adiposa,https://www.artportalen.se/MediaLibrary/2022/5/123bac52-fdc3-4f73-a4d3-4adaf2973d9e_image.jpg
2534085,Pholiota adiposa,https://www.artportalen.se/MediaLibrary/2022/5/426d7af7-b6d6-4b51-98d3-b89c720fa5be_image.jpg
2534085,Pholiota adiposa,https://observation.org/photos/50119153.jpg
2534085,Pholiota adiposa,https://observation.org/photos/47438949.jpg
2534085,Pholiota adiposa,https://observation.org/photos/47438950.jpg
2534085,Pholiota adiposa,https://observation.org/photos/49534333.jpg
2534085,Pholiota adiposa,https://observation.org/photos/49933837.jpg
2534085,Pholiota adiposa,https://observation.org/photos/49633010.jpg
2534085,Pholiota adiposa,https://observation.org/photos/51237798.jpg
2534085,Pholiota adiposa,https://observation.org/photos/51237799.jpg
2534085,Pholiota adiposa,https://observation.org/photos/50434989.jpg
2534085,Pholiota adiposa,https://observation.org/photos/50434988.jpg
2534085,Pholiota adiposa,https://observation.org/photos/47438354.jpg
2534085,Pholiota adiposa,https://observation.org/photos/47438353.jpg
2534085,Pholiota adiposa,https://observation.org/photos/47438355.jpg
2534085,Pholiota adiposa,https://observation.org/photos/47874484.jpg
2534085,Pholiota adiposa,https://observation.org/photos/49681754.jpg
2534085,Pholiota adiposa,https://observation.org/photos/49681753.jpg
2534085,Pholiota adiposa,https://observation.org/photos/49681752.jpg
2534085,Pholiota adiposa,https://observation.org/photos/47195964.jpg
2534085,Pholiota adiposa,https://observation.org/photos/46935381.jpg
2534085,Pholiota adiposa,https://observation.org/photos/46935385.jpg
2534085,Pholiota adiposa,https://observation.org/photos/46935380.jpg
2534085,Pholiota adiposa,https://observation.org/photos/46937345.jpg
2534085,Pholiota adiposa,https://observation.org/photos/46937346.jpg
2534085,Pholiota adiposa,https://observation.org/photos/47431288.jpg
2534085,Pholiota adiposa,https://observation.org/photos/47431289.jpg
2534085,Pholiota adiposa,https://observation.org/photos/46656291.jpg
2534085,Pholiota adiposa,https://observation.org/photos/46656283.jpg
2534085,Pholiota adiposa,https://observation.org/photos/46656282.jpg
2534085,Pholiota adiposa,https://observation.org/photos/46935090.jpg
2534085,Pholiota adiposa,https://observation.org/photos/46935089.jpg
2534085,Pholiota adiposa,https://observation.org/photos/46935091.jpg
2534085,Pholiota adiposa,https://observation.org/photos/46661851.jpg
2534085,Pholiota adiposa,https://observation.org/photos/46661827.jpg
2534085,Pholiota adiposa,https://observation.org/photos/46661852.jpg
2534085,Pholiota adiposa,https://observation.org/photos/46656310.jpg
2534085,Pholiota adiposa,https://observation.org/photos/46656311.jpg
2534085,Pholiota adiposa,https://observation.org/photos/46673188.jpg
2534085,Pholiota adiposa,https://observation.org/photos/47565106.jpg
2534085,Pholiota adiposa,https://observation.org/photos/47565105.jpg
2534085,Pholiota adiposa,https://observation.org/photos/48910017.jpg
2534085,Pholiota adiposa,https://observation.org/photos/48910011.jpg
2534085,Pholiota adiposa,https://observation.org/photos/48910010.jpg
2534085,Pholiota adiposa,https://observation.org/photos/48910014.jpg
2534085,Pholiota adiposa,https://observation.org/photos/48910016.jpg
2534085,Pholiota adiposa,https://observation.org/photos/50223427.jpg
2534085,Pholiota adiposa,https://observation.org/photos/50223428.jpg
2534085,Pholiota adiposa,https://observation.org/photos/50223426.jpg
2534085,Pholiota adiposa,https://observation.org/photos/47439722.jpg
2534085,Pholiota adiposa,https://observation.org/photos/47439723.jpg
2534085,Pholiota adiposa,https://observation.org/photos/47439724.jpg
2534085,Pholiota adiposa,https://observation.org/photos/48623529.jpg
2534085,Pholiota adiposa,https://observation.org/photos/47197128.jpg
2534085,Pholiota adiposa,https://observation.org/photos/9746527.jpg
2534085,Pholiota adiposa,https://observation.org/photos/50626974.jpg
2534085,Pholiota adiposa,https://observation.org/photos/50626975.jpg
2534085,Pholiota adiposa,https://observation.org/photos/49345603.jpg
2534085,Pholiota adiposa,https://observation.org/photos/49000586.jpg
2534085,Pholiota adiposa,https://observation.org/photos/47394118.jpg
2534085,Pholiota adiposa,https://observation.org/photos/47394119.jpg
2534085,Pholiota adiposa,https://observation.org/photos/47438935.jpg
2534085,Pholiota adiposa,https://observation.org/photos/47438934.jpg
2534085,Pholiota adiposa,https://observation.org/photos/47438933.jpg
2534085,Pholiota adiposa,https://observation.org/photos/47438762.jpg
2534085,Pholiota adiposa,https://observation.org/photos/47438763.jpg
2534085,Pholiota adiposa,https://observation.org/photos/47438761.jpg
2534085,Pholiota adiposa,https://observation.org/photos/47438760.jpg
2534085,Pholiota adiposa,https://observation.org/photos/46933135.jpg
2534085,Pholiota adiposa,https://observation.org/photos/46933134.jpg
2534085,Pholiota adiposa,https://observation.org/photos/46661474.jpg
2534085,Pholiota adiposa,https://observation.org/photos/46661475.jpg
2534085,Pholiota adiposa,https://observation.org/photos/46852597.jpg
2534085,Pholiota adiposa,https://observation.org/photos/50135090.jpg
2534085,Pholiota adiposa,https://observation.org/photos/50251552.jpg
2534085,Pholiota adiposa,https://observation.org/photos/50251553.jpg
2534085,Pholiota adiposa,https://observation.org/photos/46393374.jpg
2534085,Pholiota adiposa,https://observation.org/photos/44621719.jpg
2534085,Pholiota adiposa,https://observation.org/photos/46673179.jpg
2534085,Pholiota adiposa,https://observation.org/photos/23650509.jpg
2534085,Pholiota adiposa,https://observation.org/photos/18708877.jpg
2534085,Pholiota adiposa,https://observation.org/photos/18708872.jpg
2534085,Pholiota adiposa,https://observation.org/photos/4117150.jpg
2534085,Pholiota adiposa,https://observation.org/photos/1633386.jpg
2534085,Pholiota adiposa,https://observation.org/photos/1633384.jpg
2534085,Pholiota adiposa,https://observation.org/photos/4762847.jpg
2534085,Pholiota adiposa,https://observation.org/photos/4762864.jpg
2534085,Pholiota adiposa,https://inaturalist-open-data.s3.amazonaws.com/photos/199202976/original.jpg
2534085,Pholiota adiposa,https://inaturalist-open-data.s3.amazonaws.com/photos/169434247/original.jpeg
2534085,Pholiota adiposa,https://observation.org/photos/44759131.jpg
2534085,Pholiota adiposa,https://observation.org/photos/44495386.jpg
2534085,Pholiota adiposa,https://observation.org/photos/44495387.jpg
2534085,Pholiota adiposa,https://observation.org/photos/44495388.jpg
2534085,Pholiota adiposa,https://observation.org/photos/44585211.jpg
2534085,Pholiota adiposa,https://observation.org/photos/43960309.jpg
2534085,Pholiota adiposa,https://observation.org/photos/43960310.jpg
2534085,Pholiota adiposa,https://observation.org/photos/43960311.jpg
2534085,Pholiota adiposa,https://observation.org/photos/43510865.jpg
2534085,Pholiota adiposa,https://observation.org/photos/43510866.jpg
2534085,Pholiota adiposa,https://observation.org/photos/43401666.jpg
2534085,Pholiota adiposa,https://observation.org/photos/43401665.jpg
2534085,Pholiota adiposa,https://observation.org/photos/43940246.jpg
2534085,Pholiota adiposa,https://observation.org/photos/43960357.jpg
2534085,Pholiota adiposa,https://observation.org/photos/43960358.jpg
2534085,Pholiota adiposa,https://observation.org/photos/43960359.jpg
2534085,Pholiota adiposa,https://observation.org/photos/44071728.jpg
2534085,Pholiota adiposa,https://observation.org/photos/44501534.jpg
2534085,Pholiota adiposa,https://observation.org/photos/43842543.jpg
2534085,Pholiota adiposa,https://observation.org/photos/43842544.jpg
2534085,Pholiota adiposa,https://observation.org/photos/43533171.jpg
2534085,Pholiota adiposa,https://observation.org/photos/43533170.jpg
2534085,Pholiota adiposa,https://observation.org/photos/44231367.jpg
2534085,Pholiota adiposa,https://observation.org/photos/44231368.jpg
2534085,Pholiota adiposa,https://observation.org/photos/43425087.jpg
2534085,Pholiota adiposa,https://observation.org/photos/43425089.jpg
2534085,Pholiota adiposa,https://observation.org/photos/43425088.jpg
2534085,Pholiota adiposa,https://observation.org/photos/44505890.jpg
2534085,Pholiota adiposa,https://observation.org/photos/43679908.jpg
2534085,Pholiota adiposa,https://observation.org/photos/43974914.jpg
2534085,Pholiota adiposa,https://observation.org/photos/43974913.jpg
2534085,Pholiota adiposa,https://observation.org/photos/44710627.jpg
2534085,Pholiota adiposa,https://observation.org/photos/44710626.jpg
2534085,Pholiota adiposa,https://observation.org/photos/43896864.jpg
2534085,Pholiota adiposa,https://observation.org/photos/43896865.jpg
2534085,Pholiota adiposa,https://observation.org/photos/44680314.jpg
2534085,Pholiota adiposa,https://observation.org/photos/44680315.jpg
2534085,Pholiota adiposa,https://observation.org/photos/44680313.jpg
2534085,Pholiota adiposa,https://observation.org/photos/39703171.jpg
2534085,Pholiota adiposa,https://observation.org/photos/37133355.jpg
2534085,Pholiota adiposa,https://observation.org/photos/37133356.jpg
2534085,Pholiota adiposa,https://observation.org/photos/37133357.jpg
2534085,Pholiota adiposa,https://observation.org/photos/43716934.jpg
2534085,Pholiota adiposa,https://observation.org/photos/43716935.jpg
2534085,Pholiota adiposa,https://observation.org/photos/43716933.jpg
2534085,Pholiota adiposa,https://observation.org/photos/43951588.jpg
2534085,Pholiota adiposa,https://observation.org/photos/43951589.jpg
2534085,Pholiota adiposa,https://observation.org/photos/44998955.jpg
2534085,Pholiota adiposa,https://observation.org/photos/44998956.jpg
2534085,Pholiota adiposa,https://observation.org/photos/43203878.jpg
2534085,Pholiota adiposa,https://observation.org/photos/43203877.jpg
2534085,Pholiota adiposa,https://observation.org/photos/43203879.jpg
2534085,Pholiota adiposa,https://observation.org/photos/43414744.jpg
2534085,Pholiota adiposa,https://observation.org/photos/43414745.jpg
2534085,Pholiota adiposa,https://observation.org/photos/39383782.jpg
2534085,Pholiota adiposa,https://observation.org/photos/39383783.jpg
2534085,Pholiota adiposa,https://observation.org/photos/44035365.jpg
2534085,Pholiota adiposa,https://observation.org/photos/36774243.jpg
2534085,Pholiota adiposa,https://observation.org/photos/35640583.jpg
2534085,Pholiota adiposa,https://observation.org/photos/35640581.jpg
2534085,Pholiota adiposa,https://observation.org/photos/35493828.jpg
2534085,Pholiota adiposa,https://observation.org/photos/35075453.jpg
2534085,Pholiota adiposa,https://observation.org/photos/36143499.jpg
2534085,Pholiota adiposa,https://observation.org/photos/36143498.jpg
2534085,Pholiota adiposa,https://observation.org/photos/36143497.jpg
2534085,Pholiota adiposa,https://observation.org/photos/31827083.jpg
2534085,Pholiota adiposa,https://observation.org/photos/31827082.jpg
2534085,Pholiota adiposa,https://observation.org/photos/31827085.jpg
2534085,Pholiota adiposa,https://observation.org/photos/34934720.jpg
2534085,Pholiota adiposa,https://observation.org/photos/31946959.jpg
2534085,Pholiota adiposa,https://observation.org/photos/31946958.jpg
2534085,Pholiota adiposa,https://observation.org/photos/31490375.jpg
2534085,Pholiota adiposa,https://observation.org/photos/31490374.jpg
2534085,Pholiota adiposa,https://observation.org/photos/31490373.jpg
2534085,Pholiota adiposa,https://observation.org/photos/36166773.jpg
2534085,Pholiota adiposa,https://observation.org/photos/36166772.jpg
2534085,Pholiota adiposa,https://observation.org/photos/36166774.jpg
2534085,Pholiota adiposa,https://observation.org/photos/35437358.jpg
2534085,Pholiota adiposa,https://observation.org/photos/35401915.jpg
2534085,Pholiota adiposa,https://observation.org/photos/31909143.jpg
2534085,Pholiota adiposa,https://observation.org/photos/31909059.jpg
2534085,Pholiota adiposa,https://observation.org/photos/31711363.jpg
2534085,Pholiota adiposa,https://observation.org/photos/31711364.jpg
2534085,Pholiota adiposa,https://observation.org/photos/31897618.jpg
2534085,Pholiota adiposa,https://observation.org/photos/31897619.jpg
2534085,Pholiota adiposa,https://observation.org/photos/31897617.jpg
2534085,Pholiota adiposa,https://observation.org/photos/31897616.jpg
2534085,Pholiota adiposa,https://observation.org/photos/31897620.jpg
2534085,Pholiota adiposa,https://observation.org/photos/35724917.jpg
2534085,Pholiota adiposa,https://observation.org/photos/35724918.jpg
2534085,Pholiota adiposa,https://observation.org/photos/31245343.jpg
2534085,Pholiota adiposa,https://observation.org/photos/31245344.jpg
2534085,Pholiota adiposa,https://observation.org/photos/31652492.jpg
2534085,Pholiota adiposa,https://observation.org/photos/31652491.jpg
2534085,Pholiota adiposa,https://observation.org/photos/31769004.jpg
2534085,Pholiota adiposa,https://observation.org/photos/31645669.jpg
2534085,Pholiota adiposa,https://observation.org/photos/31645668.jpg
2534085,Pholiota adiposa,https://observation.org/photos/31645667.jpg
2534085,Pholiota adiposa,https://observation.org/photos/34998967.jpg
2534085,Pholiota adiposa,https://observation.org/photos/31246637.jpg
2534085,Pholiota adiposa,https://observation.org/photos/31995408.jpg
2534085,Pholiota adiposa,https://observation.org/photos/31909903.jpg
2534085,Pholiota adiposa,https://observation.org/photos/31637026.jpg
2534085,Pholiota adiposa,https://observation.org/photos/32029394.jpg
2534085,Pholiota adiposa,https://observation.org/photos/32029395.jpg
2534085,Pholiota adiposa,https://observation.org/photos/32029393.jpg
2534085,Pholiota adiposa,https://observation.org/photos/31928709.jpg
2534085,Pholiota adiposa,https://observation.org/photos/31928710.jpg
2534085,Pholiota adiposa,https://observation.org/photos/31928711.jpg
2534085,Pholiota adiposa,https://observation.org/photos/32516409.jpg
2534085,Pholiota adiposa,https://observation.org/photos/32468822.jpg
2534085,Pholiota adiposa,https://observation.org/photos/26672634.jpg
2534085,Pholiota adiposa,https://observation.org/photos/32345252.jpg
2534085,Pholiota adiposa,https://observation.org/photos/31749749.jpg
2534085,Pholiota adiposa,https://observation.org/photos/31768791.jpg
2534085,Pholiota adiposa,https://observation.org/photos/26728625.jpg
2534085,Pholiota adiposa,https://observation.org/photos/26728626.jpg
2534085,Pholiota adiposa,https://observation.org/photos/26764039.jpg
2534085,Pholiota adiposa,https://observation.org/photos/26764038.jpg
2534085,Pholiota adiposa,https://observation.org/photos/26764037.jpg
2534085,Pholiota adiposa,https://observation.org/photos/26764040.jpg
2534085,Pholiota adiposa,https://observation.org/photos/23423713.jpg
2534085,Pholiota adiposa,https://observation.org/photos/23423712.jpg
2534085,Pholiota adiposa,https://observation.org/photos/26151406.jpg
2534085,Pholiota adiposa,https://observation.org/photos/26151407.jpg
2534085,Pholiota adiposa,https://observation.org/photos/23452270.jpg
2534085,Pholiota adiposa,https://observation.org/photos/23759500.jpg
2534085,Pholiota adiposa,https://observation.org/photos/44324088.jpg
2534085,Pholiota adiposa,https://observation.org/photos/44324086.jpg
2534085,Pholiota adiposa,https://observation.org/photos/44324087.jpg
2534085,Pholiota adiposa,https://observation.org/photos/44415805.jpg
2534085,Pholiota adiposa,https://observation.org/photos/44415806.jpg
2534085,Pholiota adiposa,https://observation.org/photos/44415807.jpg
2534085,Pholiota adiposa,https://observation.org/photos/44415808.jpg
2534085,Pholiota adiposa,https://observation.org/photos/44404339.jpg
2534085,Pholiota adiposa,https://observation.org/photos/44404340.jpg
2534085,Pholiota adiposa,https://observation.org/photos/44060912.jpg
2534085,Pholiota adiposa,https://observation.org/photos/44113259.jpg
2534085,Pholiota adiposa,https://observation.org/photos/45711861.jpg
2534085,Pholiota adiposa,https://observation.org/photos/45170218.jpg
2534085,Pholiota adiposa,https://observation.org/photos/43160627.jpg
2534085,Pholiota adiposa,https://observation.org/photos/43160626.jpg
2534085,Pholiota adiposa,https://observation.org/photos/44178879.jpg
2534085,Pholiota adiposa,https://observation.org/photos/44178880.jpg
2534085,Pholiota adiposa,https://observation.org/photos/44884234.jpg
2534085,Pholiota adiposa,https://observation.org/photos/44884233.jpg
2534085,Pholiota adiposa,https://observation.org/photos/44922273.jpg
2534085,Pholiota adiposa,https://observation.org/photos/43945466.jpg
2534085,Pholiota adiposa,https://observation.org/photos/43945467.jpg
2534085,Pholiota adiposa,https://observation.org/photos/44024755.jpg
2534085,Pholiota adiposa,https://observation.org/photos/44024754.jpg
2534085,Pholiota adiposa,https://observation.org/photos/44621670.jpg
2534085,Pholiota adiposa,https://observation.org/photos/44540705.jpg
2534085,Pholiota adiposa,https://observation.org/photos/44540704.jpg
2534085,Pholiota adiposa,https://observation.org/photos/44187477.jpg
2534085,Pholiota adiposa,https://observation.org/photos/44187475.jpg
2534085,Pholiota adiposa,https://observation.org/photos/44187478.jpg
2534085,Pholiota adiposa,https://observation.org/photos/44187476.jpg
2534085,Pholiota adiposa,https://observation.org/photos/43178709.jpg
2534085,Pholiota adiposa,https://observation.org/photos/43178710.jpg
2534085,Pholiota adiposa,https://observation.org/photos/43212874.jpg
2534085,Pholiota adiposa,https://observation.org/photos/43212875.jpg
2534085,Pholiota adiposa,https://observation.org/photos/44896109.jpg
2534085,Pholiota adiposa,https://observation.org/photos/43676346.jpg
2534085,Pholiota adiposa,https://observation.org/photos/43389234.jpg
2534085,Pholiota adiposa,https://observation.org/photos/42389712.jpg
2534085,Pholiota adiposa,https://observation.org/photos/42389713.jpg
2534085,Pholiota adiposa,https://observation.org/photos/43415894.jpg
2534085,Pholiota adiposa,https://observation.org/photos/44764137.jpg
2534085,Pholiota adiposa,https://observation.org/photos/42880977.jpg
2534085,Pholiota adiposa,https://observation.org/photos/42880978.jpg
2534085,Pholiota adiposa,https://observation.org/photos/44704989.jpg
2534085,Pholiota adiposa,https://observation.org/photos/44390066.jpg
2534085,Pholiota adiposa,https://observation.org/photos/44390067.jpg
2534085,Pholiota adiposa,https://observation.org/photos/43177004.jpg
2534085,Pholiota adiposa,https://observation.org/photos/43177005.jpg
2534085,Pholiota adiposa,https://observation.org/photos/43177002.jpg
2534085,Pholiota adiposa,https://observation.org/photos/43177003.jpg
2534085,Pholiota adiposa,https://observation.org/photos/43885164.jpg
2534085,Pholiota adiposa,https://observation.org/photos/43885165.jpg
2534085,Pholiota adiposa,https://observation.org/photos/43885222.jpg
2534085,Pholiota adiposa,https://observation.org/photos/43885166.jpg
2534085,Pholiota adiposa,https://observation.org/photos/43885163.jpg
2534085,Pholiota adiposa,https://observation.org/photos/43416272.jpg
2534085,Pholiota adiposa,https://observation.org/photos/43416270.jpg
2534085,Pholiota adiposa,https://observation.org/photos/43416271.jpg
2534085,Pholiota adiposa,https://observation.org/photos/43510674.jpg
2534085,Pholiota adiposa,https://observation.org/photos/43510675.jpg
2534085,Pholiota adiposa,https://observation.org/photos/42943340.jpg
2534085,Pholiota adiposa,https://observation.org/photos/42943341.jpg
2534085,Pholiota adiposa,https://observation.org/photos/42943343.jpg
2534085,Pholiota adiposa,https://observation.org/photos/42943345.jpg
2534085,Pholiota adiposa,https://observation.org/photos/36769266.jpg
2534085,Pholiota adiposa,https://observation.org/photos/36769265.jpg
2534085,Pholiota adiposa,https://observation.org/photos/35886091.jpg
2534085,Pholiota adiposa,https://observation.org/photos/35799096.jpg
2534085,Pholiota adiposa,https://observation.org/photos/35799097.jpg
2534085,Pholiota adiposa,https://observation.org/photos/37335588.jpg
2534085,Pholiota adiposa,https://observation.org/photos/35358781.jpg
2534085,Pholiota adiposa,https://observation.org/photos/37144696.jpg
2534085,Pholiota adiposa,https://observation.org/photos/35071789.jpg
2534085,Pholiota adiposa,https://observation.org/photos/35071790.jpg
2534085,Pholiota adiposa,https://observation.org/photos/35071791.jpg
2534085,Pholiota adiposa,https://observation.org/photos/35071792.jpg
2534085,Pholiota adiposa,https://observation.org/photos/35640469.jpg
2534085,Pholiota adiposa,https://observation.org/photos/35640470.jpg
2534085,Pholiota adiposa,https://observation.org/photos/35640471.jpg
2534085,Pholiota adiposa,https://observation.org/photos/35793396.jpg
2534085,Pholiota adiposa,https://observation.org/photos/35793395.jpg
2534085,Pholiota adiposa,https://observation.org/photos/36214247.jpg
2534085,Pholiota adiposa,https://observation.org/photos/36214245.jpg
2534085,Pholiota adiposa,https://observation.org/photos/36214249.jpg
2534085,Pholiota adiposa,https://observation.org/photos/36179544.jpg
2534085,Pholiota adiposa,https://observation.org/photos/36179545.jpg
2534085,Pholiota adiposa,https://observation.org/photos/34799721.jpg
2534085,Pholiota adiposa,https://observation.org/photos/35039353.jpg
2534085,Pholiota adiposa,https://observation.org/photos/32017104.jpg
2534085,Pholiota adiposa,https://observation.org/photos/31703138.jpg
2534085,Pholiota adiposa,https://observation.org/photos/33339964.jpg
2534085,Pholiota adiposa,https://observation.org/photos/32088878.jpg
2534085,Pholiota adiposa,https://observation.org/photos/32088879.jpg
2534085,Pholiota adiposa,https://observation.org/photos/32088880.jpg
2534085,Pholiota adiposa,https://observation.org/photos/32088324.jpg
2534085,Pholiota adiposa,https://observation.org/photos/32088323.jpg
2534085,Pholiota adiposa,https://observation.org/photos/31970354.jpg
2534085,Pholiota adiposa,https://observation.org/photos/31970353.jpg
2534085,Pholiota adiposa,https://observation.org/photos/31629140.jpg
2534085,Pholiota adiposa,https://observation.org/photos/31629139.jpg
2534085,Pholiota adiposa,https://observation.org/photos/31970312.jpg
2534085,Pholiota adiposa,https://observation.org/photos/31970313.jpg
2534085,Pholiota adiposa,https://observation.org/photos/32042228.jpg
2534085,Pholiota adiposa,https://observation.org/photos/32042229.jpg
2534085,Pholiota adiposa,https://observation.org/photos/32131983.jpg
2534085,Pholiota adiposa,https://observation.org/photos/32131982.jpg
2534085,Pholiota adiposa,https://observation.org/photos/32017090.jpg
2534085,Pholiota adiposa,https://observation.org/photos/30516514.jpg
2534085,Pholiota adiposa,https://observation.org/photos/31793434.jpg
2534085,Pholiota adiposa,https://observation.org/photos/31741070.jpg
2534085,Pholiota adiposa,https://observation.org/photos/32223645.jpg
2534085,Pholiota adiposa,https://observation.org/photos/31301487.jpg
2534085,Pholiota adiposa,https://observation.org/photos/31301486.jpg
2534085,Pholiota adiposa,https://observation.org/photos/31301483.jpg
2534085,Pholiota adiposa,https://observation.org/photos/31301484.jpg
2534085,Pholiota adiposa,https://observation.org/photos/31301485.jpg
2534085,Pholiota adiposa,https://observation.org/photos/31743030.jpg
2534085,Pholiota adiposa,https://observation.org/photos/31743029.jpg
2534085,Pholiota adiposa,https://observation.org/photos/31245422.jpg
2534085,Pholiota adiposa,https://observation.org/photos/31245421.jpg
2534085,Pholiota adiposa,https://observation.org/photos/31245423.jpg
2534085,Pholiota adiposa,https://observation.org/photos/31162605.jpg
2534085,Pholiota adiposa,https://observation.org/photos/31162604.jpg
2534085,Pholiota adiposa,https://observation.org/photos/31245387.jpg
2534085,Pholiota adiposa,https://observation.org/photos/31245386.jpg
2534085,Pholiota adiposa,https://observation.org/photos/29051967.jpg
2534085,Pholiota adiposa,https://observation.org/photos/27504798.jpg
2534085,Pholiota adiposa,https://observation.org/photos/26697467.jpg
2534085,Pholiota adiposa,https://observation.org/photos/26697468.jpg
2534085,Pholiota adiposa,https://observation.org/photos/26697469.jpg
2534085,Pholiota adiposa,https://observation.org/photos/26743181.jpg
2534085,Pholiota adiposa,https://observation.org/photos/26764740.jpg
2534085,Pholiota adiposa,https://observation.org/photos/26824044.jpg
2534085,Pholiota adiposa,https://observation.org/photos/26824046.jpg
2534085,Pholiota adiposa,https://observation.org/photos/26824045.jpg
2534085,Pholiota adiposa,https://observation.org/photos/27335759.jpg
2534085,Pholiota adiposa,https://observation.org/photos/27335760.jpg
2534085,Pholiota adiposa,https://observation.org/photos/27335753.jpg
2534085,Pholiota adiposa,https://observation.org/photos/27335761.jpg
2534085,Pholiota adiposa,https://observation.org/photos/27335763.jpg
2534085,Pholiota adiposa,https://observation.org/photos/27335757.jpg
2534085,Pholiota adiposa,https://observation.org/photos/27335762.jpg
2534085,Pholiota adiposa,https://observation.org/photos/27335755.jpg
2534085,Pholiota adiposa,https://observation.org/photos/26984331.jpg
2534085,Pholiota adiposa,https://observation.org/photos/26935606.jpg
2534085,Pholiota adiposa,https://observation.org/photos/26984332.jpg
2534085,Pholiota adiposa,https://observation.org/photos/26935609.jpg
2534085,Pholiota adiposa,https://observation.org/photos/26935610.jpg
2534085,Pholiota adiposa,https://observation.org/photos/26935608.jpg
2534085,Pholiota adiposa,https://observation.org/photos/27782195.jpg
2534085,Pholiota adiposa,https://observation.org/photos/27782196.jpg
2534085,Pholiota adiposa,https://observation.org/photos/26852327.jpg
2534085,Pholiota adiposa,https://observation.org/photos/26852286.jpg
2534085,Pholiota adiposa,https://observation.org/photos/26852285.jpg
2534085,Pholiota adiposa,https://observation.org/photos/26852326.jpg
2534085,Pholiota adiposa,https://observation.org/photos/26852287.jpg
2534085,Pholiota adiposa,https://observation.org/photos/27495304.jpg
2534085,Pholiota adiposa,https://observation.org/photos/26519618.jpg
2534085,Pholiota adiposa,https://observation.org/photos/23452282.jpg
2534085,Pholiota adiposa,https://observation.org/photos/23530991.jpg
2534085,Pholiota adiposa,https://observation.org/photos/23530990.jpg
2534085,Pholiota adiposa,https://observation.org/photos/23777556.jpg
2534085,Pholiota adiposa,https://observation.org/photos/23777554.jpg
2534085,Pholiota adiposa,https://observation.org/photos/25040157.jpg
2534085,Pholiota adiposa,https://observation.org/photos/15250863.jpg
2534085,Pholiota adiposa,https://observation.org/photos/2628429.jpg
2534085,Pholiota adiposa,https://observation.org/photos/2628433.jpg
2534085,Pholiota adiposa,https://observation.org/photos/2628434.jpg
2534085,Pholiota adiposa,https://inaturalist-open-data.s3.amazonaws.com/photos/181066754/original.jpg
2534085,Pholiota adiposa,https://inaturalist-open-data.s3.amazonaws.com/photos/181065923/original.jpg
2534085,Pholiota adiposa,https://inaturalist-open-data.s3.amazonaws.com/photos/181065829/original.jpg
2534085,Pholiota adiposa,https://inaturalist-open-data.s3.amazonaws.com/photos/181065846/original.jpg
2534085,Pholiota adiposa,https://inaturalist-open-data.s3.amazonaws.com/photos/181065851/original.jpg
2534085,Pholiota adiposa,https://inaturalist-open-data.s3.amazonaws.com/photos/181066749/original.jpg
2534085,Pholiota adiposa,https://inaturalist-open-data.s3.amazonaws.com/photos/181065825/original.jpg
2534085,Pholiota adiposa,https://inaturalist-open-data.s3.amazonaws.com/photos/181065725/original.jpg
2534085,Pholiota adiposa,https://inaturalist-open-data.s3.amazonaws.com/photos/181065827/original.jpg
2534085,Pholiota adiposa,https://inaturalist-open-data.s3.amazonaws.com/photos/181065853/original.jpg
2534085,Pholiota adiposa,https://mycoportal.org/ncu/mycology/NCU-F-0012/NCU-F-0012913__02_lg.jpg
2534085,Pholiota adiposa,https://mycoportal.org/ncu/mycology/NCU-F-0012/NCU-F-0012913__01_lg.jpg
2534085,Pholiota adiposa,https://mycoportal.org/ncu/mycology/NCU-F-0012/NCU-F-0012914__01_lg.jpg
2534085,Pholiota adiposa,https://mycoportal.org/ncu/mycology/NCU-F-0012/NCU-F-0012914__02_lg.jpg
2534085,Pholiota adiposa,https://inaturalist-open-data.s3.amazonaws.com/photos/158448828/original.jpeg
2534085,Pholiota adiposa,https://inaturalist-open-data.s3.amazonaws.com/photos/158448311/original.jpeg
2534085,Pholiota adiposa,https://inaturalist-open-data.s3.amazonaws.com/photos/169467806/original.jpg
2534085,Pholiota adiposa,https://inaturalist-open-data.s3.amazonaws.com/photos/169468337/original.jpg
2534085,Pholiota adiposa,https://www.artportalen.se/MediaLibrary/2021/10/224c010e-ac2a-4c54-b563-ce651ff2e74c_image.jpg
2534085,Pholiota adiposa,https://www.artportalen.se/MediaLibrary/2021/10/91d12d7e-2364-45d1-8ee0-631ecf13d656_image.jpg
2534085,Pholiota adiposa,https://www.artportalen.se/MediaLibrary/2021/9/75b9251a-98e6-447e-9ee1-e6a8cb1a7049_image.jpg
2534085,Pholiota adiposa,https://www.artportalen.se/MediaLibrary/2021/10/aecf9238-d385-4466-aef4-3f301705e3a0_image.jpg
2534085,Pholiota adiposa,https://www.artportalen.se/MediaLibrary/2021/9/1a239235-4105-4193-af7a-7684e0f8c0d7_image.jpg
